id,bud.type,group,lo.doy,EOS,EOS.DOY,bud.length.x,bud.length.y,diff,total.rel.growth,lo.timing,treatment.timing,cooling.level,treat.cool.combined
L199,apical,L,131,2023-09-20,263,5.81,19.98,14.170000000000002,70.92092092092092,early,Control,Control,Control.Control
L199,lateral,L,131,2023-09-20,263,4.92,18.72,13.799999999999999,73.71794871794873,early,Control,Control,Control.Control
L200,apical,L,136,2023-09-06,249,6.83,18.8,11.97,63.670212765957444,early,Control,Control,Control.Control
L200,lateral,L,136,2023-09-10,253,6.08,17.88,11.799999999999999,65.99552572706935,early,Control,Control,Control.Control
L201,apical,L,136,2023-09-25,268,5.2,19.07,13.870000000000001,72.73203985317251,early,Control,Control,Control.Control
L201,lateral,L,136,2023-09-21,264,5.31,16.78,11.470000000000002,68.35518474374256,early,Control,Control,Control.Control
L202,apical,L,131,2023-09-15,258,4.25,15.8,11.55,73.10126582278481,early,Control,Control,Control.Control
L202,lateral,L,131,2023-09-11,254,4.38,16.23,11.850000000000001,73.01293900184844,early,Control,Control,Control.Control
L203,apical,L,131,2023-09-29,272,2.6,21.86,19.259999999999998,88.10612991765782,early,Control,Control,Control.Control
L203,lateral,L,131,2023-09-13,256,7.4,15.95,8.549999999999999,53.60501567398119,early,Control,Control,Control.Control
L204,apical,L,129,2023-09-17,260,7.15,23.29,16.14,69.30012881064835,early,Control,Control,Control.Control
L204,lateral,L,129,2023-09-13,256,4.88,16.85,11.970000000000002,71.03857566765579,early,Control,Control,Control.Control
L205,apical,L,131,2023-09-23,266,4.52,18.96,14.440000000000001,76.16033755274262,early,Control,Control,Control.Control
L205,lateral,L,131,2023-09-21,264,3.22,16.53,13.31,80.52026618269812,early,Control,Control,Control.Control
L206,apical,L,121,2023-09-18,261,6,20.24,14.239999999999998,70.35573122529644,early,Control,Control,Control.Control
L206,lateral,L,121,2023-09-12,255,5.46,16.49,11.029999999999998,66.88902365069738,early,Control,Control,Control.Control
L207,apical,L,142,2023-09-19,262,5.31,19.46,14.150000000000002,72.71325796505653,early,Control,Control,Control.Control
L207,lateral,L,142,2023-09-15,258,5.2,19.61,14.41,73.4829168791433,early,Control,Control,Control.Control
L208,apical,L,129,2023-09-14,257,5.84,19.78,13.940000000000001,70.47522750252782,early,Control,Control,Control.Control
L208,lateral,L,129,2023-09-19,262,4.24,18.45,14.209999999999999,77.01897018970189,early,Control,Control,Control.Control
L209,apical,L,137,2023-09-20,263,15.33,20.23,4.9,24.221453287197235,early,Control,Control,Control.Control
L209,lateral,L,137,2023-09-19,262,5.85,19.15,13.299999999999999,69.45169712793732,early,Control,Control,Control.Control
L210,apical,L,131,2023-09-18,261,5.96,20.07,14.11,70.30393622321873,early,Control,Control,Control.Control
L210,lateral,L,131,2023-09-11,254,5.32,19.19,13.870000000000001,72.27722772277228,early,Control,Control,Control.Control
L211,apical,L,131,2023-09-21,264,4.81,22.68,17.87,78.79188712522046,early,Control,Control,Control.Control
L211,lateral,L,131,2023-09-11,254,4.99,19.3,14.31,74.14507772020725,early,Control,Control,Control.Control
L212,apical,L,129,2023-09-11,254,7.45,19.12,11.670000000000002,61.03556485355648,early,Control,Control,Control.Control
L212,lateral,L,129,2023-09-12,255,5.52,15.98,10.46,65.45682102628285,early,Control,Control,Control.Control
L213,apical,L,129,2023-09-23,266,4.95,18.38,13.43,73.06855277475518,early,Control,Control,Control.Control
L213,lateral,L,129,2023-09-19,262,5.12,16.55,11.43,69.06344410876133,early,Control,Control,Control.Control
L214,apical,L,129,2023-09-23,266,3.99,12.32,8.33,67.61363636363636,early,Control,Control,Control.Control
L214,lateral,L,129,2023-09-23,266,2.97,11.78,8.809999999999999,74.78777589134124,early,Control,Control,Control.Control
L215,apical,L,131,2023-09-20,263,6.99,24.69,17.700000000000003,71.68894289185906,early,Control,Control,Control.Control
L215,lateral,L,131,2023-09-14,257,5.69,19.17,13.48,70.31820552947315,early,Control,Control,Control.Control
L216,apical,L,139,2023-09-21,264,4.01,16.61,12.6,75.85791691751956,early,Control,Control,Control.Control
L216,lateral,L,139,2023-09-22,265,3.64,17.66,14.02,79.38844847112118,early,Control,Control,Control.Control
L217,apical,L,136,2023-09-11,254,4.06,10.43,6.37,61.07382550335571,early,Control,Control,Control.Control
L217,lateral,L,136,2023-09-19,262,3.79,8.46,4.670000000000001,55.20094562647755,early,Control,Control,Control.Control
L218,apical,L,125,2023-09-24,267,8.25,25.28,17.03,67.36550632911393,early,Control,Control,Control.Control
L218,lateral,L,125,2023-09-22,265,6.8,20.21,13.41,66.35329045027214,early,Control,Control,Control.Control
L219,apical,L,129,2023-09-11,254,6.05,22.64,16.59,73.2773851590106,early,Control,Control,Control.Control
L219,lateral,L,129,2023-09-14,257,4.72,17.93,13.21,73.67540435025097,early,Control,Control,Control.Control
L220,apical,L,121,2023-09-25,268,4.51,12.12,7.609999999999999,62.788778877887786,early,Control,Control,Control.Control
L220,lateral,L,121,2023-09-23,266,4.15,11.12,6.969999999999999,62.67985611510791,early,Control,Control,Control.Control
L221,apical,L,137,2023-09-12,255,5.8,17.62,11.82,67.08286038592507,early,Control,Control,Control.Control
L221,lateral,L,137,2023-09-15,258,5.38,16.62,11.240000000000002,67.62936221419976,early,Control,Control,Control.Control
L222,apical,L,129,2023-09-20,263,6.67,23.11,16.439999999999998,71.13803548247513,early,Control,Control,Control.Control
L222,lateral,L,129,2023-09-13,256,4.07,15.64,11.57,73.9769820971867,early,Control,Control,Control.Control
L223,apical,L,131,2023-09-19,262,8.02,30.1,22.080000000000002,73.35548172757476,early,Control,Control,Control.Control
L223,lateral,L,131,2023-09-23,266,5.29,20.57,15.280000000000001,74.28293631502187,early,Control,Control,Control.Control
L224,apical,L,129,2023-09-17,260,8.18,27.41,19.23,70.15687705217074,early,Control,Control,Control.Control
L224,lateral,L,129,2023-09-05,248,6.5,20.91,14.41,68.91439502630321,early,Control,Control,Control.Control
L225,apical,L,144,2023-09-22,265,5.5,17.12,11.620000000000001,67.87383177570095,early,Control,Control,Control.Control
L225,lateral,L,144,2023-09-21,264,3.66,13.27,9.61,72.41899020346648,early,Control,Control,Control.Control
M226,apical,M,148,2023-09-27,270,3.9,18.29,14.389999999999999,78.6768726079825,late,Control,Control,Control.Control
M226,lateral,M,148,2023-09-28,271,3.87,16.4,12.529999999999998,76.40243902439025,late,Control,Control,Control.Control
M227,lateral,M,148,2023-09-17,260,5.22,18.73,13.510000000000002,72.13027229044314,late,Control,Control,Control.Control
M228,apical,M,148,2023-09-23,266,5.89,22.01,16.12,73.23943661971832,late,Control,Control,Control.Control
M228,lateral,M,148,2023-09-25,268,4.54,18.37,13.830000000000002,75.28579205225911,late,Control,Control,Control.Control
M229,apical,M,148,2023-09-24,267,5.69,20.49,14.799999999999997,72.23035627135188,late,Control,Control,Control.Control
M229,lateral,M,148,2023-09-29,272,4.37,16.1,11.73,72.85714285714286,late,Control,Control,Control.Control
M230,apical,M,148,2023-09-18,261,6.95,23.41,16.46,70.31183255019222,late,Control,Control,Control.Control
M230,lateral,M,148,2023-09-17,260,5.99,21.5,15.51,72.13953488372094,late,Control,Control,Control.Control
M231,apical,M,148,2023-09-21,264,5.66,18.88,13.219999999999999,70.02118644067797,late,Control,Control,Control.Control
M231,lateral,M,148,2023-09-17,260,4.34,16.32,11.98,73.40686274509804,late,Control,Control,Control.Control
M232,apical,M,145,2023-09-20,263,4.53,18.28,13.75,75.21881838074398,late,Control,Control,Control.Control
M232,lateral,M,145,2023-09-25,268,4.32,16.95,12.629999999999999,74.51327433628319,late,Control,Control,Control.Control
M233,apical,M,148,2023-09-07,250,11.74,24.74,12.999999999999998,52.54648342764753,late,Control,Control,Control.Control
M233,lateral,M,148,2023-09-13,256,4.49,18.1,13.610000000000001,75.19337016574585,late,Control,Control,Control.Control
M234,apical,M,148,2023-09-28,271,6.05,22.38,16.33,72.96693476318141,late,Control,Control,Control.Control
M234,lateral,M,148,2023-09-25,268,4.45,19.6,15.150000000000002,77.29591836734694,late,Control,Control,Control.Control
M235,apical,M,148,2023-10-04,277,4.79,18.84,14.05,74.57537154989384,late,Control,Control,Control.Control
M235,lateral,M,148,2023-09-24,267,4.19,15.42,11.23,72.82749675745784,late,Control,Control,Control.Control
M236,apical,M,151,2023-09-23,266,3.89,16.49,12.599999999999998,76.40994542146755,late,Control,Control,Control.Control
M236,lateral,M,151,2023-09-22,265,3.94,16.6,12.660000000000002,76.26506024096386,late,Control,Control,Control.Control
M237,apical,M,150,2023-09-30,273,1.98,18.46,16.48,89.27410617551462,late,Control,Control,Control.Control
M237,lateral,M,150,2023-09-21,264,3.25,17.11,13.86,81.0052600818235,late,Control,Control,Control.Control
M238,apical,M,148,2023-09-27,270,6.24,29.58,23.339999999999996,78.90466531440163,late,Control,Control,Control.Control
M238,lateral,M,148,2023-09-26,269,4.39,23.3,18.91,81.1587982832618,late,Control,Control,Control.Control
M239,apical,M,148,2023-09-29,272,5.02,17.65,12.629999999999999,71.55807365439092,late,Control,Control,Control.Control
M239,lateral,M,148,2023-09-27,270,4.48,15.95,11.469999999999999,71.91222570532915,late,Control,Control,Control.Control
M240,apical,M,148,2023-09-28,271,3.95,17.52,13.57,77.45433789954338,late,Control,Control,Control.Control
M240,lateral,M,148,2023-09-24,267,3.83,17.06,13.229999999999999,77.54982415005861,late,Control,Control,Control.Control
M241,apical,M,148,2023-09-20,263,7.96,24.35,16.39,67.31006160164272,late,Control,Control,Control.Control
M241,lateral,M,148,2023-09-15,258,3.1,15.87,12.77,80.46628859483302,late,Control,Control,Control.Control
M242,lateral,M,148,2023-09-17,260,5.17,18.21,13.040000000000001,71.60900604063701,late,Control,Control,Control.Control
M243,apical,M,148,2023-09-19,262,6.19,19.94,13.75,68.95687061183551,late,Control,Control,Control.Control
M243,lateral,M,148,2023-09-14,257,4.86,14.69,9.829999999999998,66.91626957113684,late,Control,Control,Control.Control
M244,apical,M,148,2023-09-10,253,5.24,20.17,14.930000000000001,74.02082300446207,late,Control,Control,Control.Control
M244,lateral,M,148,2023-09-11,254,4.47,18.35,13.880000000000003,75.64032697547685,late,Control,Control,Control.Control
M245,apical,M,148,2023-09-30,273,7.88,26.38,18.5,70.12888551933283,late,Control,Control,Control.Control
M245,lateral,M,148,2023-09-13,256,5.81,19.48,13.670000000000002,70.17453798767967,late,Control,Control,Control.Control
M246,apical,M,148,2023-09-14,257,3.88,15.7,11.82,75.28662420382166,late,Control,Control,Control.Control
M246,lateral,M,148,2023-09-16,259,4.07,16.16,12.09,74.81435643564356,late,Control,Control,Control.Control
M247,apical,M,148,2023-09-12,255,5.29,20.2,14.91,73.8118811881188,late,Control,Control,Control.Control
M247,lateral,M,148,2023-09-10,253,4.6,17.52,12.92,73.74429223744292,late,Control,Control,Control.Control
M248,apical,M,148,2023-09-21,264,4.57,22.39,17.82,79.5891022778026,late,Control,Control,Control.Control
M248,lateral,M,148,2023-09-26,269,4.41,21.06,16.65,79.05982905982906,late,Control,Control,Control.Control
M249,apical,M,148,2023-09-17,260,5.25,18.52,13.27,71.652267818574515,late,Control,Control,Control.Control
M249,lateral,M,148,2023-09-23,266,4.24,14.47,10.23,70.69799585348999,late,Control,Control,Control.Control
M250,apical,M,148,2023-09-26,269,4.97,21.63,16.66,77.02265372168284,late,Control,Control,Control.Control
M250,lateral,M,148,2023-09-15,258,4.5,16.32,11.82,72.42647058823529,late,Control,Control,Control.Control
M251,apical,M,148,2023-09-23,266,6.7,24.47,17.77,72.61953412341641,late,Control,Control,Control.Control
M251,lateral,M,148,2023-09-22,265,6.29,21.74,15.45,71.06715731370745,late,Control,Control,Control.Control
N253,apical,N,129,2023-09-19,262,3.09,9.66,6.57,68.01242236024845,early,July,Moderate,July.Moderate
N253,lateral,N,129,2023-09-14,257,2.69,8.66,5.970000000000001,68.93764434180139,early,July,Moderate,July.Moderate
N254,apical,N,129,2023-09-26,269,5.95,18.88,12.93,68.48516949152543,early,July,Moderate,July.Moderate
N254,lateral,N,129,2023-09-27,270,4.4,16.39,11.99,73.15436241610738,early,July,Moderate,July.Moderate
N255,apical,N,125,2023-09-11,254,5.94,14.48,8.54,58.97790055248618,early,July,Moderate,July.Moderate
N255,lateral,N,125,2023-09-12,255,4.75,14.22,9.47,66.59634317862167,early,July,Moderate,July.Moderate
N256,apical,N,129,2023-09-25,268,4,10.55,6.550000000000001,62.085308056872044,early,July,Moderate,July.Moderate
N256,lateral,N,129,2023-09-12,255,3.94,13.98,10.040000000000001,71.81688125894135,early,July,Moderate,July.Moderate
N257,apical,N,121,2023-09-19,262,6.37,21.13,14.759999999999998,69.85328916232845,early,July,Moderate,July.Moderate
N257,lateral,N,121,2023-09-19,262,5,17.63,12.629999999999999,71.6392512762337,early,July,Moderate,July.Moderate
N258,apical,N,131,2023-09-24,267,5.22,16.01,10.790000000000003,67.39537788881948,early,July,Moderate,July.Moderate
N258,lateral,N,131,2023-09-18,261,4.8,19.08,14.279999999999998,74.8427672955975,early,July,Moderate,July.Moderate
N259,apical,N,129,2023-09-05,248,5.51,15.54,10.03,64.54311454311454,early,July,Moderate,July.Moderate
N259,lateral,N,129,2023-09-10,253,5.33,13.59,8.26,60.77998528329653,early,July,Moderate,July.Moderate
N260,apical,N,131,2023-09-23,266,3.98,14.18,10.2,71.93229901269393,early,July,Moderate,July.Moderate
N260,lateral,N,131,2023-09-27,270,3.5,13.34,9.84,73.7631184407796,early,July,Moderate,July.Moderate
N261,apical,N,144,2023-09-25,268,3.98,15.39,11.41,74.13905133203379,early,July,Moderate,July.Moderate
N261,lateral,N,144,2023-09-26,269,2.82,12.42,9.6,77.29468599033817,early,July,Moderate,July.Moderate
N262,apical,N,138,2023-09-22,265,7.45,20.27,12.82,63.24617661568821,early,July,Moderate,July.Moderate
N262,lateral,N,138,2023-09-20,263,5.11,18.44,13.330000000000002,72.2885032537961,early,July,Moderate,July.Moderate
N263,apical,N,136,2023-09-19,262,5.63,18.25,12.620000000000001,69.15068493150685,early,July,Moderate,July.Moderate
N263,lateral,N,136,2023-09-17,260,5.06,14.28,9.219999999999999,64.56582633053222,early,July,Moderate,July.Moderate
N264,apical,N,129,2023-09-28,271,3.35,12.68,9.33,73.58044164037855,early,July,Moderate,July.Moderate
N264,lateral,N,129,2023-09-27,270,3.63,14.68,11.05,75.27247956403271,early,July,Moderate,July.Moderate
N265,apical,N,129,2023-09-13,256,6.24,18.43,12.19,66.14215952251763,early,July,Moderate,July.Moderate
N265,lateral,N,129,2023-09-17,260,4.6,17.63,13.03,73.908111174135,early,July,Moderate,July.Moderate
N266,apical,N,129,2023-10-08,281,3.84,16.75,12.91,77.07462686567163,early,July,Moderate,July.Moderate
N266,lateral,N,129,2023-10-04,277,3.01,14.09,11.08,78.63733144073811,early,July,Moderate,July.Moderate
N267,apical,N,129,2023-09-14,257,5.84,17.04,11.2,65.72769953051643,early,July,Moderate,July.Moderate
N267,lateral,N,129,2023-09-14,257,5.37,15.91,10.54,66.24764299182904,early,July,Moderate,July.Moderate
N268,apical,N,125,2023-09-12,255,4.92,15.55,10.63,68.36012861736334,early,July,Moderate,July.Moderate
N268,lateral,N,125,2023-09-16,259,3.84,12.91,9.07,70.25561580170411,early,July,Moderate,July.Moderate
N269,apical,N,142,2023-09-23,266,3.2,10.63,7.430000000000001,69.89651928504233,early,July,Moderate,July.Moderate
N269,lateral,N,142,2023-09-25,268,3.13,10.29,7.159999999999999,69.58211856171039,early,July,Moderate,July.Moderate
N270,apical,N,136,2023-09-07,250,5.1,15.33,10.23,66.73189823874756,early,July,Moderate,July.Moderate
N270,lateral,N,136,2023-09-11,254,6.5,17.81,11.309999999999999,63.503649635036496,early,July,Moderate,July.Moderate
N271,apical,N,136,2023-09-04,247,5.02,16.59,11.57,69.74080771549126,early,July,Moderate,July.Moderate
N271,lateral,N,136,2023-09-12,255,4.98,15.97,10.99,68.81653099561677,early,July,Moderate,July.Moderate
N272,apical,N,129,2023-09-19,262,6.1,20.42,14.320000000000002,70.12732615083253,early,July,Moderate,July.Moderate
N272,lateral,N,129,2023-09-17,260,3.76,15.47,11.71,75.69489334195217,early,July,Moderate,July.Moderate
N273,apical,N,129,2023-09-27,270,4.37,14.23,9.86,69.29023190442727,early,July,Moderate,July.Moderate
N273,lateral,N,129,2023-09-23,266,4.2,16,11.8,73.75,early,July,Moderate,July.Moderate
N274,apical,N,125,2023-09-23,266,4.1,13.31,9.21,69.19609316303533,early,July,Moderate,July.Moderate
N274,lateral,N,125,2023-09-15,258,3.96,14.52,10.559999999999999,72.72727272727273,early,July,Moderate,July.Moderate
N275,apical,N,129,2023-09-23,266,5.54,14.68,9.14,62.26158038147138,early,July,Moderate,July.Moderate
N275,lateral,N,129,2023-09-22,265,2.89,12.38,9.49,76.65589660743134,early,July,Moderate,July.Moderate
N276,apical,N,136,2023-09-12,255,4.51,16.23,11.72,72.21195317313617,early,July,Moderate,July.Moderate
N276,lateral,N,136,2023-09-13,256,5.14,18.56,13.419999999999998,72.30603448275862,early,July,Moderate,July.Moderate
N277,apical,N,129,2023-09-16,259,5.89,21.11,15.219999999999999,72.09853150165799,early,July,Moderate,July.Moderate
N277,lateral,N,129,2023-09-14,257,3.17,12.15,8.98,73.90946502057614,early,July,Moderate,July.Moderate
N278,apical,N,137,2023-09-22,265,7.41,26.9,19.49,72.45353159851301,early,July,Moderate,July.Moderate
N278,lateral,N,137,2023-09-20,263,3.76,16.52,12.76,77.23970944309929,early,July,Moderate,July.Moderate
O280,apical,O,148,2023-09-30,273,7.22,22.6,15.380000000000003,68.05309734513274,late,July,Moderate,July.Moderate
O280,lateral,O,148,2023-09-24,267,4.94,19.8,14.86,75.05050505050505,late,July,Moderate,July.Moderate
O281,apical,O,150,2023-10-01,274,9.65,16.86,7.209999999999999,42.76393831553974,late,July,Moderate,July.Moderate
O281,lateral,O,150,2023-09-26,269,3.88,13.56,9.68,71.38643067846608,late,July,Moderate,July.Moderate
O282,apical,O,148,2023-09-27,270,3.71,15.8,12.09,76.51898734177216,late,July,Moderate,July.Moderate
O282,lateral,O,148,2023-09-26,269,3.14,16.9,13.759999999999998,81.42011834319527,late,July,Moderate,July.Moderate
O283,apical,O,148,2023-10-04,277,4.86,15.37,10.509999999999998,68.37996096291477,late,July,Moderate,July.Moderate
O283,lateral,O,148,2023-09-09,252,4.41,15.06,10.65,70.7171314741036,late,July,Moderate,July.Moderate
O284,apical,O,148,2023-09-22,265,7.35,23.28,15.930000000000001,68.4278350515464,late,July,Moderate,July.Moderate
O284,lateral,O,148,2023-09-21,264,4.81,17.81,13,72.99270072992701,late,July,Moderate,July.Moderate
O285,apical,O,148,2023-09-24,267,6.13,15.95,9.82,61.56739811912226,late,July,Moderate,July.Moderate
O285,lateral,O,148,2023-09-14,257,4.49,13.9,9.41,67.6978417266187,late,July,Moderate,July.Moderate
O286,apical,O,150,2023-09-30,273,4.59,13.75,9.16,66.61818181818182,late,July,Moderate,July.Moderate
O286,lateral,O,150,2023-09-27,270,4.54,12.4,7.86,63.38709677419354,late,July,Moderate,July.Moderate
O287,apical,O,148,2023-09-23,266,9.84,21.4,11.559999999999999,54.01869158878505,late,July,Moderate,July.Moderate
O287,lateral,O,148,2023-09-28,271,4.79,16.54,11.75,71.03990326481258,late,July,Moderate,July.Moderate
O288,apical,O,155,2023-10-03,276,3.22,15.34,12.12,79.00912646675359,late,July,Moderate,July.Moderate
O288,lateral,O,155,2023-10-04,277,2.62,14.02,11.399999999999999,81.31241084165478,late,July,Moderate,July.Moderate
O289,apical,O,148,2023-09-14,257,4.02,16.59,12.57,75.76853526220614,late,July,Moderate,July.Moderate
O289,lateral,O,148,2023-09-16,259,3.58,17.59,14.01,79.64752700397953,late,July,Moderate,July.Moderate
O290,apical,O,148,2023-09-30,273,5.14,20.52,15.379999999999999,74.95126705653021,late,July,Moderate,July.Moderate
O290,lateral,O,148,2023-09-27,270,3.93,17.49,13.559999999999999,77.53001715265866,late,July,Moderate,July.Moderate
O291,apical,O,148,2023-10-13,286,6.49,13.62,7.129999999999999,52.349486049926576,late,July,Moderate,July.Moderate
O291,lateral,O,148,2023-09-24,267,4.73,17.46,12.73,72.90950744558991,late,July,Moderate,July.Moderate
O292,apical,O,148,2023-09-10,253,5.54,16.26,10.720000000000002,65.92865928659286,late,July,Moderate,July.Moderate
O292,lateral,O,148,2023-09-16,259,4.44,15.73,11.29,71.77368086458995,late,July,Moderate,July.Moderate
O293,apical,O,148,2023-09-30,273,6.11,21.05,14.940000000000001,70.97387173396675,late,July,Moderate,July.Moderate
O293,lateral,O,148,2023-09-26,269,3.12,15.4,12.280000000000001,79.74025974025973,late,July,Moderate,July.Moderate
O294,apical,O,148,2023-09-25,268,5.3,19.59,14.29,72.94538029606943,late,July,Moderate,July.Moderate
O294,lateral,O,148,2023-09-25,268,2.66,13.14,10.48,79.75646879756468,late,July,Moderate,July.Moderate
O295,apical,O,148,2023-09-23,266,5.53,18.88,13.349999999999998,70.70974576271186,late,July,Moderate,July.Moderate
O295,lateral,O,148,2023-09-19,262,3.5,13.47,9.97,74.01633259094284,late,July,Moderate,July.Moderate
O296,apical,O,148,2023-09-27,270,4.58,14.86,10.28,69.17900403768506,late,July,Moderate,July.Moderate
O296,lateral,O,148,2023-09-27,270,4.8,17.02,12.219999999999999,71.7978848413631,late,July,Moderate,July.Moderate
O297,apical,O,148,2023-09-30,273,6.93,16.15,9.219999999999999,57.089783281733745,late,July,Moderate,July.Moderate
O297,lateral,O,148,2023-09-17,260,5.26,14.27,9.01,63.13945339873861,late,July,Moderate,July.Moderate
O298,apical,O,150,2023-09-28,271,8.31,24.68,16.369999999999997,66.3290113452188,late,July,Moderate,July.Moderate
O298,lateral,O,150,2023-09-30,273,5.9,22.94,17.04,74.28073234524848,late,July,Moderate,July.Moderate
O299,apical,O,148,2023-09-26,269,6.97,19.05,12.080000000000002,63.41207349081366,late,July,Moderate,July.Moderate
O299,lateral,O,148,2023-09-23,266,4.11,18.03,13.920000000000002,77.20465890183029,late,July,Moderate,July.Moderate
O300,apical,O,148,2023-10-06,279,4.25,20.36,16.11,79.12573673870334,late,July,Moderate,July.Moderate
O300,lateral,O,148,2023-10-06,279,2.48,18.41,15.93,86.52906029331885,late,July,Moderate,July.Moderate
O301,apical,O,148,2023-09-28,271,4.57,21.07,16.5,78.31039392501187,late,July,Moderate,July.Moderate
O301,lateral,O,148,2023-09-29,272,4.74,20.22,15.479999999999999,76.55786350148368,late,July,Moderate,July.Moderate
O302,apical,O,148,2023-09-25,268,4.79,18.86,14.07,74.60233297985154,late,July,Moderate,July.Moderate
O302,lateral,O,148,2023-09-22,265,3.63,17.29,13.66,79.0052053209948,late,July,Moderate,July.Moderate
O303,apical,O,148,2023-10-01,274,3.39,18.75,15.36,81.91999999999999,late,July,Moderate,July.Moderate
O303,lateral,O,148,2023-09-27,270,2.58,14.5,11.92,82.20689655172414,late,July,Moderate,July.Moderate
O304,apical,O,148,2023-10-04,277,6.08,23.7,17.619999999999997,74.34599156118144,late,July,Moderate,July.Moderate
O304,lateral,O,148,2023-09-28,271,2.58,14.48,11.9,82.18232044198895,late,July,Moderate,July.Moderate
O305,apical,O,150,2023-09-28,271,5.26,22.87,17.61,77.0004372540446,late,July,Moderate,July.Moderate
O305,lateral,O,150,2023-09-23,266,4.08,21.79,17.71,81.2758145938504,late,July,Moderate,July.Moderate
O306,apical,O,148,2023-10-04,277,5.69,16.36,10.669999999999998,65.2200488997555,late,July,Moderate,July.Moderate
O306,lateral,O,148,2023-09-21,264,5.12,18.48,13.36,72.2943722943723,late,July,Moderate,July.Moderate
P307,apical,P,131,2023-09-19,262,3.01,11.96,8.950000000000001,74.83277591973246,early,July,Extreme,July.Extreme
P307,lateral,P,131,2023-09-18,261,2.84,12.14,9.3,76.60626029654037,early,July,Extreme,July.Extreme
P308,apical,P,125,2023-09-30,273,5.75,18.23,12.48,68.4585847504114,early,July,Extreme,July.Extreme
P308,lateral,P,125,2023-09-30,273,3.18,15.63,12.450000000000001,79.65451055662189,early,July,Extreme,July.Extreme
P309,apical,P,136,2023-09-13,256,6.03,16.55,10.52,63.56495468277945,early,July,Extreme,July.Extreme
P309,lateral,P,136,2023-09-18,261,4.74,15.83,11.09,70.056854074542,early,July,Extreme,July.Extreme
P310,apical,P,125,2023-09-21,264,6.05,16.89,10.84,64.17998815867378,early,July,Extreme,July.Extreme
P310,lateral,P,125,2023-09-11,254,4.15,15.51,11.36,73.24306898774984,early,July,Extreme,July.Extreme
P311,apical,P,142,2023-09-25,268,2.11,11.6,9.49,81.8103448275862,early,July,Extreme,July.Extreme
P311,lateral,P,142,2023-09-18,261,2.34,11.83,9.49,80.21978021978022,early,July,Extreme,July.Extreme
P312,apical,P,125,2023-09-19,262,5.57,16.35,10.780000000000001,65.93272171253824,early,July,Extreme,July.Extreme
P312,lateral,P,125,2023-09-25,268,4.6,15.44,10.84,70.20725388601036,early,July,Extreme,July.Extreme
P313,apical,P,143,2023-09-27,270,3.15,15.26,12.11,79.35779816513761,early,July,Extreme,July.Extreme
P313,lateral,P,143,2023-10-03,276,2.04,12.13,10.09,83.18219291014015,early,July,Extreme,July.Extreme
P314,apical,P,131,2023-09-14,257,4.39,15.7,11.309999999999999,72.03821656050955,early,July,Extreme,July.Extreme
P314,lateral,P,131,2023-09-14,257,3.87,13.62,9.75,71.58590308370043,early,July,Extreme,July.Extreme
P315,apical,P,129,2023-10-02,275,4.03,17.3,13.27,76.70520231213874,early,July,Extreme,July.Extreme
P315,lateral,P,129,2023-10-01,274,3.88,16.67,12.790000000000003,76.72465506898621,early,July,Extreme,July.Extreme
P316,apical,P,125,2023-09-13,256,4.94,13.51,8.57,63.43449296817172,early,July,Extreme,July.Extreme
P316,lateral,P,125,2023-09-23,266,4.58,18.59,14.01,75.36309844002152,early,July,Extreme,July.Extreme
P317,apical,P,129,2023-09-11,254,3.74,13.04,9.299999999999999,71.31901840490798,early,July,Extreme,July.Extreme
P317,lateral,P,129,2023-09-12,255,4.17,14.79,10.62,71.8052738336714,early,July,Extreme,July.Extreme
P318,apical,P,131,2023-10-01,274,5.13,20.02,14.89,74.37562437562437,early,July,Extreme,July.Extreme
P318,lateral,P,131,2023-09-29,272,4.26,21.28,17.020000000000003,79.9812030075188,early,July,Extreme,July.Extreme
P319,apical,P,131,2023-09-20,263,4.62,17.39,12.77,73.43300747556067,early,July,Extreme,July.Extreme
P319,lateral,P,131,2023-09-14,257,3.69,12.52,8.83,70.52715654952077,early,July,Extreme,July.Extreme
P320,apical,P,129,2023-09-23,266,4,15.43,11.43,74.07647440051848,early,July,Extreme,July.Extreme
P320,lateral,P,129,2023-09-16,259,3.84,15.15,11.31,74.65346534653466,early,July,Extreme,July.Extreme
P321,apical,P,129,2023-09-12,255,7.28,19.42,12.14,62.512873326467556,early,July,Extreme,July.Extreme
P321,lateral,P,129,2023-09-29,272,4.43,17.35,12.920000000000002,74.46685878962536,early,July,Extreme,July.Extreme
P322,apical,P,129,2023-09-20,263,4.41,15.99,11.58,72.42026266416511,early,July,Extreme,July.Extreme
P322,lateral,P,129,2023-09-20,263,4.22,14.47,10.25,70.83621285418107,early,July,Extreme,July.Extreme
P323,apical,P,129,2023-09-12,255,4.07,15.48,11.41,73.70801033591732,early,July,Extreme,July.Extreme
P323,lateral,P,129,2023-09-10,253,5.04,17.65,12.61,71.44475920679886,early,July,Extreme,July.Extreme
P324,apical,P,129,2023-09-14,257,5.8,16.58,10.779999999999998,65.01809408926418,early,July,Extreme,July.Extreme
P324,lateral,P,129,2023-09-07,250,4.76,13.71,8.950000000000001,65.28081692195478,early,July,Extreme,July.Extreme
P325,apical,P,125,2023-09-13,256,4.17,13.87,9.7,69.93511175198269,early,July,Extreme,July.Extreme
P325,lateral,P,125,2023-09-13,256,3.43,14.43,11,76.23007623007622,early,July,Extreme,July.Extreme
P326,apical,P,131,2023-09-14,257,3.55,11.01,7.46,67.75658492279746,early,July,Extreme,July.Extreme
P326,lateral,P,131,2023-09-14,257,3.4,11.55,8.15,70.56277056277057,early,July,Extreme,July.Extreme
P327,apical,P,131,2023-09-11,254,4.55,15.31,10.760000000000002,70.28086218158067,early,July,Extreme,July.Extreme
P327,lateral,P,131,2023-09-20,263,3.17,14.93,11.76,78.76758204956464,early,July,Extreme,July.Extreme
P328,apical,P,125,2023-09-30,273,3.36,13.13,9.770000000000001,74.40974866717441,early,July,Extreme,July.Extreme
P328,lateral,P,125,2023-09-20,263,4.11,15.14,11.030000000000001,72.85336856010568,early,July,Extreme,July.Extreme
P329,apical,P,131,2023-09-21,264,3.97,15.49,11.52,74.37056165267914,early,July,Extreme,July.Extreme
P329,lateral,P,131,2023-10-01,274,4.26,15.8,11.540000000000001,73.0379746835443,early,July,Extreme,July.Extreme
P330,apical,P,129,2023-10-08,281,2.76,14.64,11.88,81.14754098360656,early,July,Extreme,July.Extreme
P330,lateral,P,129,2023-09-17,260,5.14,16.21,11.07,68.29117828500925,early,July,Extreme,July.Extreme
P331,apical,P,131,2023-09-12,255,3.56,12.51,8.95,71.54276578737012,early,July,Extreme,July.Extreme
P331,lateral,P,131,2023-09-16,259,3.77,12.19,8.42,69.07301066447909,early,July,Extreme,July.Extreme
P332,apical,P,131,2023-09-22,265,4,15.58,11.58,74.32605905006419,early,July,Extreme,July.Extreme
P332,lateral,P,131,2023-09-24,267,3.34,14.5,11.16,76.96551724137932,early,July,Extreme,July.Extreme
P333,apical,P,131,2023-09-30,273,2.51,11.04,8.53,77.26449275362319,early,July,Extreme,July.Extreme
P333,lateral,P,131,2023-09-28,271,2.44,9.92,7.48,75.40322580645162,early,July,Extreme,July.Extreme
Q334,apical,Q,148,2023-09-25,268,5.55,15.97,10.420000000000002,65.24733876017534,late,July,Extreme,July.Extreme
Q334,lateral,Q,148,2023-09-22,265,4.6,15.7,11.1,70.70063694267516,late,July,Extreme,July.Extreme
Q335,apical,Q,150,2023-10-14,287,6.1,18.66,12.56,67.30975348338693,late,July,Extreme,July.Extreme
Q335,lateral,Q,150,2023-10-02,275,2.86,11.94,9.08,76.04690117252932,late,July,Extreme,July.Extreme
Q336,apical,Q,148,2023-09-16,259,3.31,8.1,4.789999999999999,59.135802469135804,late,July,Extreme,July.Extreme
Q336,lateral,Q,148,2023-09-27,270,1.72,14.26,12.54,87.93828892005611,late,July,Extreme,July.Extreme
Q337,apical,Q,151,2023-10-04,277,2.18,8.98,6.800000000000001,75.7238307349666,late,July,Extreme,July.Extreme
Q337,lateral,Q,151,2023-09-30,273,3,13.16,10.16,77.20364741641336,late,July,Extreme,July.Extreme
Q338,apical,Q,148,2023-09-28,271,4.33,14.16,9.83,69.42090395480226,late,July,Extreme,July.Extreme
Q338,lateral,Q,148,2023-09-29,272,3.11,13.83,10.72,77.51265365148228,late,July,Extreme,July.Extreme
Q339,apical,Q,148,2023-09-15,258,5.12,18.07,12.95,71.66574432761483,late,July,Extreme,July.Extreme
Q339,lateral,Q,148,2023-09-20,263,4.06,18.68,14.620000000000001,78.26552462526767,late,July,Extreme,July.Extreme
Q340,apical,Q,150,2023-09-24,267,7.81,17.55,9.740000000000002,55.498575498575505,late,July,Extreme,July.Extreme
Q340,lateral,Q,150,2023-09-25,268,3.95,12.63,8.68,68.72525732383214,late,July,Extreme,July.Extreme
Q341,apical,Q,148,2023-09-22,265,6.33,17.03,10.700000000000001,62.830299471520846,late,July,Extreme,July.Extreme
Q341,lateral,Q,148,2023-09-14,257,4.39,14.74,10.350000000000001,70.21709633649932,late,July,Extreme,July.Extreme
Q342,apical,Q,148,2023-09-20,263,4.54,17.74,13.2,74.40811724915444,late,July,Extreme,July.Extreme
Q342,lateral,Q,148,2023-09-23,266,4.61,16.4,11.79,71.89024390243902,late,July,Extreme,July.Extreme
Q343,apical,Q,148,2023-10-11,284,7.28,16.32,9.04,55.392156862745104,late,July,Extreme,July.Extreme
Q343,lateral,Q,148,2023-09-21,264,5.44,15.6,10.16,65.12820512820512,late,July,Extreme,July.Extreme
Q344,apical,Q,150,2023-09-27,270,4.66,16.65,11.989999999999998,72.01201201201202,late,July,Extreme,July.Extreme
Q344,lateral,Q,150,2023-09-19,262,3.27,14.11,10.84,76.82494684620836,late,July,Extreme,July.Extreme
Q345,apical,Q,148,2023-09-25,268,3.07,14.77,11.7,79.21462423832092,late,July,Extreme,July.Extreme
Q345,lateral,Q,148,2023-09-18,261,3.77,15.65,11.88,75.91054313099042,late,July,Extreme,July.Extreme
Q346,apical,Q,148,2023-10-04,277,4.37,18.93,14.559999999999999,76.91494981510829,late,July,Extreme,July.Extreme
Q346,lateral,Q,148,2023-10-01,274,3.52,16.59,13.07,78.78239903556359,late,July,Extreme,July.Extreme
Q347,apical,Q,150,2023-09-27,270,6.56,12.62,6.06,48.01901743264659,late,July,Extreme,July.Extreme
Q347,lateral,Q,150,2023-09-30,273,3.09,13.93,10.84,77.81765972720747,late,July,Extreme,July.Extreme
Q348,apical,Q,148,2023-09-20,263,3.71,14.35,10.64,74.14634146341463,late,July,Extreme,July.Extreme
Q348,lateral,Q,148,2023-09-22,265,2.96,13.71,10.75,78.40991976659373,late,July,Extreme,July.Extreme
Q349,apical,Q,148,2023-09-21,264,4.4,15.68,11.28,71.93877551020408,late,July,Extreme,July.Extreme
Q349,lateral,Q,148,2023-09-26,269,3.9,14.63,10.73,73.34244702665755,late,July,Extreme,July.Extreme
Q350,apical,Q,151,2023-10-08,281,4.67,21.25,16.58,78.0235294117647,late,July,Extreme,July.Extreme
Q350,lateral,Q,151,2023-09-24,267,4.28,16.86,12.579999999999998,74.61447212336891,late,July,Extreme,July.Extreme
Q351,apical,Q,148,2023-09-26,269,6.73,17.04,10.309999999999999,60.50469483568075,late,July,Extreme,July.Extreme
Q351,lateral,Q,148,2023-09-24,267,2.94,14.26,11.32,79.38288920056101,late,July,Extreme,July.Extreme
Q352,apical,Q,148,2023-09-27,270,7.65,19.16,11.51,60.07306889352818,late,July,Extreme,July.Extreme
Q352,lateral,Q,148,2023-10-02,275,2.24,13.47,11.23,83.37045285820341,late,July,Extreme,July.Extreme
Q353,apical,Q,150,2023-09-17,260,6.02,17.09,11.07,64.77472205968402,late,July,Extreme,July.Extreme
Q353,lateral,Q,150,2023-09-23,266,3.39,13.93,10.54,75.66403445800431,late,July,Extreme,July.Extreme
Q354,apical,Q,148,2023-09-11,254,3.99,13.49,9.5,70.4225352112676,late,July,Extreme,July.Extreme
Q354,lateral,Q,148,2023-09-11,254,3.65,13.75,10.1,73.45454545454547,late,July,Extreme,July.Extreme
Q355,apical,Q,148,2023-09-30,273,5.6,17.06,11.459999999999999,67.1746776084408,late,July,Extreme,July.Extreme
Q355,lateral,Q,148,2023-09-25,268,3.73,14.62,10.889999999999999,74.48700410396717,late,July,Extreme,July.Extreme
Q356,apical,Q,148,2023-09-23,266,3.7,17.69,13.990000000000002,79.08422837761448,late,July,Extreme,July.Extreme
Q356,lateral,Q,148,2023-09-27,270,3.37,15.5,12.129999999999999,78.25806451612904,late,July,Extreme,July.Extreme
Q357,apical,Q,150,2023-09-22,265,4.65,16.87,12.22,72.43627741553053,late,July,Extreme,July.Extreme
Q357,lateral,Q,150,2023-09-21,264,5.65,19.23,13.58,70.61882475299012,late,July,Extreme,July.Extreme
Q358,apical,Q,148,2023-10-10,283,2.75,10.68,7.93,74.25093632958801,late,July,Extreme,July.Extreme
Q358,lateral,Q,148,2023-09-12,255,3.08,11.02,7.9399999999999995,72.0508166969147,late,July,Extreme,July.Extreme
Q359,apical,Q,150,2023-10-05,278,4.76,21.93,17.17,78.29457364341086,late,July,Extreme,July.Extreme
Q359,lateral,Q,150,2023-09-25,268,2.78,13.93,11.15,80.04307250538406,late,July,Extreme,July.Extreme
Q360,apical,Q,148,2023-09-24,267,9.09,15.69,6.6,42.06500956022945,late,July,Extreme,July.Extreme
Q360,lateral,Q,148,2023-09-27,270,4.21,13.03,8.82,67.68994627782041,late,July,Extreme,July.Extreme
R361,apical,R,131,2023-09-11,254,5.26,16.79,11.53,68.67182846932698,early,August,Moderate,August.Moderate
R361,lateral,R,131,2023-09-11,254,3.98,12.91,8.93,69.1711851278079,early,August,Moderate,August.Moderate
R362,apical,R,131,2023-09-06,249,8.63,23.31,14.679999999999998,62.977262977262974,early,August,Moderate,August.Moderate
R362,lateral,R,131,2023-09-02,245,6.21,16.75,10.54,62.92537313432835,early,August,Moderate,August.Moderate
R363,apical,R,129,2023-09-08,251,6.61,19.73,13.120000000000001,66.49771920932591,early,August,Moderate,August.Moderate
R363,lateral,R,129,2023-09-12,255,6.19,20.03,13.84,69.09635546679979,early,August,Moderate,August.Moderate
R364,apical,R,131,2023-09-13,256,7.57,24.93,17.36,69.63497793822704,early,August,Moderate,August.Moderate
R364,lateral,R,131,2023-09-14,257,7.01,22.39,15.38,68.69138008039303,early,August,Moderate,August.Moderate
R365,apical,R,131,2023-09-12,255,5.57,24.64,19.07,77.39448051948052,early,August,Moderate,August.Moderate
R365,lateral,R,131,2023-09-13,256,5.11,16.2,11.09,68.45679012345678,early,August,Moderate,August.Moderate
R366,apical,R,129,2023-09-10,253,6.65,18.54,11.889999999999999,64.13160733549083,early,August,Moderate,August.Moderate
R366,lateral,R,129,2023-09-14,257,4.8,16.18,11.379999999999999,70.33374536464771,early,August,Moderate,August.Moderate
R367,apical,R,136,2023-09-10,253,6.72,21.26,14.540000000000003,68.39134524929446,early,August,Moderate,August.Moderate
R367,lateral,R,136,2023-09-11,254,6.43,18.15,11.719999999999999,64.57300275482095,early,August,Moderate,August.Moderate
R368,apical,R,129,2023-09-26,269,4.69,18.5,13.809999999999999,74.64864864864865,early,August,Moderate,August.Moderate
R368,lateral,R,129,2023-09-17,260,4.51,15.75,11.24,71.36507936507937,early,August,Moderate,August.Moderate
R369,apical,R,144,2023-09-12,255,7.3,22.39,15.09,67.39615899955338,early,August,Moderate,August.Moderate
R369,lateral,R,144,2023-09-13,256,6.22,20.9,14.68,70.23923444976077,early,August,Moderate,August.Moderate
R370,apical,R,137,2023-09-18,261,6.36,21.26,14.900000000000002,70.08466603951082,early,August,Moderate,August.Moderate
R370,lateral,R,137,2023-09-17,260,5.3,19.88,14.579999999999998,73.34004024144869,early,August,Moderate,August.Moderate
R371,apical,R,121,2023-09-22,265,6.25,22.18,15.93,71.8214607754734,early,August,Moderate,August.Moderate
R371,lateral,R,121,2023-09-14,257,5.44,16.76,11.32,67.5417661097852,early,August,Moderate,August.Moderate
R372,apical,R,142,2023-09-14,257,6.42,19.68,13.26,67.3780487804878,early,August,Moderate,August.Moderate
R372,lateral,R,142,2023-09-17,260,4.65,16.08,11.429999999999998,71.0820895522388,early,August,Moderate,August.Moderate
R373,apical,R,125,2023-09-08,251,6.39,17.33,10.939999999999998,63.12752452394691,early,August,Moderate,August.Moderate
R373,lateral,R,125,2023-09-08,251,6.01,14.33,8.32,58.060013956734124,early,August,Moderate,August.Moderate
R374,apical,R,129,2023-09-17,260,6.25,22.73,16.48,72.50329960404751,early,August,Moderate,August.Moderate
R374,lateral,R,129,2023-09-18,261,3.99,15,11.01,73.4,early,August,Moderate,August.Moderate
R375,apical,R,136,2023-09-11,254,6.71,20.77,14.059999999999999,67.69378911892152,early,August,Moderate,August.Moderate
R375,lateral,R,136,2023-09-08,251,6.22,18.41,12.190000000000001,66.21401412275938,early,August,Moderate,August.Moderate
R376,apical,R,129,2023-09-14,257,3.73,12.42,8.69,69.96779388083736,early,August,Moderate,August.Moderate
R376,lateral,R,129,2023-09-20,263,3.56,14.7,11.139999999999999,75.78231292517007,early,August,Moderate,August.Moderate
R377,apical,R,121,2023-10-01,274,6.93,20.32,13.39,65.89566929133859,early,August,Moderate,August.Moderate
R377,lateral,R,121,2023-09-19,262,4.29,16.66,12.370000000000001,74.24969987995198,early,August,Moderate,August.Moderate
R378,apical,R,125,2023-09-14,257,6.23,22.27,16.04,72.0251459362371,early,August,Moderate,August.Moderate
R378,lateral,R,125,2023-09-18,261,4.56,15.36,10.8,70.3125,early,August,Moderate,August.Moderate
R379,apical,R,139,2023-09-12,255,7.43,21.16,13.73,64.88657844990549,early,August,Moderate,August.Moderate
R379,lateral,R,139,2023-08-29,241,5.18,13.45,8.27,61.486988847583646,early,August,Moderate,August.Moderate
R380,apical,R,125,2023-09-13,256,7.89,24.49,16.599999999999998,67.78276847692936,early,August,Moderate,August.Moderate
R380,lateral,R,125,2023-09-09,252,6.9,20.19,13.290000000000001,65.82466567607726,early,August,Moderate,August.Moderate
R381,apical,R,129,2023-09-10,253,4.8,14.32,9.52,66.4804469273743,early,August,Moderate,August.Moderate
R381,lateral,R,129,2023-09-09,252,3.58,10.99,7.41,67.42493175614194,early,August,Moderate,August.Moderate
R382,apical,R,136,2023-09-12,255,6.14,17.91,11.77,65.7174762702401,early,August,Moderate,August.Moderate
R382,lateral,R,136,2023-09-10,253,5.69,15.76,10.07,63.895939086294405,early,August,Moderate,August.Moderate
R383,apical,R,129,2023-09-11,254,7.78,25.39,17.61,69.35801496652225,early,August,Moderate,August.Moderate
R383,lateral,R,129,2023-09-15,258,7.16,20.55,13.39,65.15815085158151,early,August,Moderate,August.Moderate
R384,lateral,R,125,2023-09-16,259,2.76,13.76,11,79.94186046511628,early,August,Moderate,August.Moderate
R385,apical,R,129,2023-09-08,251,6.92,20.55,13.63,66.32603406326034,early,August,Moderate,August.Moderate
R385,lateral,R,129,2023-09-12,255,4.12,16.87,12.75,75.57794902193243,early,August,Moderate,August.Moderate
R386,apical,R,125,2023-09-11,254,8.77,21.84,13.07,59.84432234432235,early,August,Moderate,August.Moderate
R386,lateral,R,125,2023-09-14,257,7.2,21.48,14.280000000000001,66.4804469273743,early,August,Moderate,August.Moderate
R387,apical,R,121,2023-09-12,255,6.84,20.08,13.239999999999998,65.93625498007968,early,August,Moderate,August.Moderate
R387,lateral,R,121,2023-09-14,257,7.49,21.96,14.47,65.89253187613843,early,August,Moderate,August.Moderate
S388,apical,S,150,2023-09-28,271,10.79,27.74,16.95,61.10310021629416,late,August,Moderate,August.Moderate
S388,lateral,S,150,2023-09-09,252,8.42,22.82,14.4,63.10254163014899,late,August,Moderate,August.Moderate
S389,apical,S,150,2023-10-01,274,6.14,14.69,8.55,58.20285908781484,late,August,Moderate,August.Moderate
S389,lateral,S,150,2023-09-18,261,5.2,19.2,14,72.91666666666666,late,August,Moderate,August.Moderate
S390,apical,S,148,2023-09-23,266,10.5,18.22,7.719999999999999,42.371020856201966,late,August,Moderate,August.Moderate
S390,lateral,S,148,2023-09-11,254,5.32,16.84,11.52,68.40855106888361,late,August,Moderate,August.Moderate
S391,apical,S,148,2023-09-14,257,5.68,17.03,11.350000000000001,66.64709336465063,late,August,Moderate,August.Moderate
S391,lateral,S,148,2023-09-14,257,4.04,15.15,11.11,73.33333333333334,late,August,Moderate,August.Moderate
S392,apical,S,150,2023-09-21,264,3.86,17.57,13.71,78.03073420603302,late,August,Moderate,August.Moderate
S392,lateral,S,150,2023-09-29,272,1.36,13.6,12.24,90,late,August,Moderate,August.Moderate
S393,apical,S,150,2023-09-14,257,6.17,16.68,10.51,63.0095923261391,late,August,Moderate,August.Moderate
S393,lateral,S,150,2023-09-20,263,4.59,15.58,10.99,70.53915275994865,late,August,Moderate,August.Moderate
S394,apical,S,148,2023-09-30,273,3.67,15.97,12.3,77.01941139636818,late,August,Moderate,August.Moderate
S394,lateral,S,148,2023-09-10,253,4.4,13.88,9.48,68.29971181556196,late,August,Moderate,August.Moderate
S395,apical,S,151,2023-09-08,251,6.36,16.32,9.96,61.029411764705884,late,August,Moderate,August.Moderate
S395,lateral,S,151,2023-09-10,253,4.52,14.05,9.530000000000001,67.82918149466192,late,August,Moderate,August.Moderate
S396,apical,S,148,2023-09-20,263,3.51,12.66,9.15,72.27488151658767,late,August,Moderate,August.Moderate
S396,lateral,S,148,2023-09-21,264,2.2,10.33,8.129999999999999,78.702807357212,late,August,Moderate,August.Moderate
S397,apical,S,148,2023-09-26,269,2.01,12.41,10.4,83.80338436744562,late,August,Moderate,August.Moderate
S397,lateral,S,148,2023-09-12,255,5.78,17.82,12.04,67.5645342312009,late,August,Moderate,August.Moderate
S398,apical,S,148,2023-09-25,268,9.52,19.57,10.05,51.35411343893714,late,August,Moderate,August.Moderate
S398,lateral,S,148,2023-09-16,259,4.59,19.49,14.899999999999999,76.44946126218574,late,August,Moderate,August.Moderate
S399,apical,S,148,2023-09-14,257,4.76,15.77,11.01,69.81610653138871,late,August,Moderate,August.Moderate
S399,lateral,S,148,2023-09-10,253,4.73,16.99,12.259999999999998,72.16009417304296,late,August,Moderate,August.Moderate
S400,apical,S,150,2023-09-14,257,4.93,14.6,9.67,66.23287671232877,late,August,Moderate,August.Moderate
S400,lateral,S,150,2023-09-22,265,3.25,13.29,10.04,75.54552294958616,late,August,Moderate,August.Moderate
S401,apical,S,150,2023-10-05,278,6.25,13.16,6.91,52.50759878419453,late,August,Moderate,August.Moderate
S401,lateral,S,150,2023-09-09,252,4.96,14.31,9.350000000000001,65.33892382948987,late,August,Moderate,August.Moderate
S402,apical,S,148,2023-09-12,255,6.53,19.6,13.07,66.68367346938776,late,August,Moderate,August.Moderate
S402,lateral,S,148,2023-09-22,265,5.08,19.15,14.069999999999999,73.47258485639688,late,August,Moderate,August.Moderate
S403,apical,S,148,2023-09-13,256,5.81,17.85,12.040000000000003,67.45098039215686,late,August,Moderate,August.Moderate
S403,lateral,S,148,2023-09-19,262,3.76,11.8,8.040000000000001,68.13559322033899,late,August,Moderate,August.Moderate
S404,apical,S,148,2023-09-18,261,5.5,20.7,15.2,73.42995169082126,late,August,Moderate,August.Moderate
S404,lateral,S,148,2023-09-18,261,5.02,19.68,14.66,74.49186991869918,late,August,Moderate,August.Moderate
S405,apical,S,148,2023-09-11,254,6.15,15.25,9.1,59.67213114754097,late,August,Moderate,August.Moderate
S405,lateral,S,148,2023-09-10,253,4.81,12.62,7.81,61.88589540412044,late,August,Moderate,August.Moderate
S406,apical,S,148,2023-09-16,259,5.3,15.46,10.16,65.71798188874516,late,August,Moderate,August.Moderate
S406,lateral,S,148,2023-09-18,261,4.88,15.53,10.649999999999999,68.576947842884735,late,August,Moderate,August.Moderate
S407,apical,S,150,2023-09-14,257,15.18,19.4,4.219999999999999,21.75257731958763,late,August,Moderate,August.Moderate
S407,lateral,S,150,2023-09-22,265,4.04,14.54,10.5,72.21458046767538,late,August,Moderate,August.Moderate
S408,apical,S,150,2023-09-11,254,6.8,19.41,12.61,64.96651210716125,late,August,Moderate,August.Moderate
S408,lateral,S,150,2023-09-11,254,4.62,15.92,11.3,70.97989949748744,late,August,Moderate,August.Moderate
S409,apical,S,148,2023-09-24,267,5.48,21.52,16.04,74.5353159851301,late,August,Moderate,August.Moderate
S409,lateral,S,148,2023-09-13,256,4.23,16.51,12.280000000000001,74.37916414294368,late,August,Moderate,August.Moderate
S410,apical,S,148,2023-09-02,245,6.82,20.08,13.259999999999998,66.03585657370517,late,August,Moderate,August.Moderate
S410,lateral,S,148,2023-09-07,250,5.36,16.17,10.810000000000002,66.852195423624,late,August,Moderate,August.Moderate
S411,apical,S,148,2023-09-11,254,7,19.27,12.27,63.67410482615464,late,August,Moderate,August.Moderate
S411,lateral,S,148,2023-09-14,257,3.11,14.39,11.280000000000001,78.38776928422516,late,August,Moderate,August.Moderate
S412,apical,S,150,2023-09-24,267,5.21,16.3,11.09,68.03680981595093,late,August,Moderate,August.Moderate
S412,lateral,S,150,2023-09-21,264,3.18,13.39,10.21,76.25093353248693,late,August,Moderate,August.Moderate
S413,apical,S,148,2023-09-12,255,4.18,19.15,14.969999999999999,78.17232375979113,late,August,Moderate,August.Moderate
S413,lateral,S,148,2023-08-29,241,4.42,14.36,9.94,69.22005571030641,late,August,Moderate,August.Moderate
S414,apical,S,151,2023-09-29,272,2.82,16.97,14.149999999999999,83.38243959929287,late,August,Moderate,August.Moderate
S414,lateral,S,151,2023-09-19,262,2.39,13.8,11.41,82.68115942028984,late,August,Moderate,August.Moderate
T415,apical,T,129,2023-09-07,250,4.73,13.43,8.7,64.78034251675354,early,August,Extreme,August.Extreme
T415,lateral,T,129,2023-09-08,251,3.3,11.4,8.100000000000001,71.05263157894737,early,August,Extreme,August.Extreme
T416,apical,T,145,2023-09-21,264,5.14,14.86,9.719999999999999,65.41049798115748,early,August,Extreme,August.Extreme
T416,lateral,T,145,2023-09-21,264,3.6,12.14,8.540000000000001,70.34596375617792,early,August,Extreme,August.Extreme
T417,apical,T,136,2023-09-06,249,21.42,28.21,6.789999999999999,24.06947890818858,early,August,Extreme,August.Extreme
T417,lateral,T,136,2023-09-14,257,5.29,13.35,8.059999999999999,60.37453183520599,early,August,Extreme,August.Extreme
T418,apical,T,130,2023-09-07,250,5.53,16.13,10.599999999999998,65.71605703657781,early,August,Extreme,August.Extreme
T418,lateral,T,130,2023-09-12,255,4.97,13.77,8.8,63.907044299201154,early,August,Extreme,August.Extreme
T419,apical,T,130,2023-09-13,256,6.55,17.83,11.279999999999998,63.264161525518794,early,August,Extreme,August.Extreme
T419,lateral,T,130,2023-09-11,254,6.38,14.47,8.09,55.90877677954389,early,August,Extreme,August.Extreme
T420,apical,T,129,2023-09-19,262,9.65,22.75,13.1,57.58241758241758,early,August,Extreme,August.Extreme
T420,lateral,T,129,2023-09-21,264,5.7,17.6,11.900000000000002,67.61363636363636,early,August,Extreme,August.Extreme
T421,apical,T,125,2023-09-12,255,4.55,12.62,8.07,63.94611727416799,early,August,Extreme,August.Extreme
T421,lateral,T,125,2023-09-09,252,4.34,11.48,7.140000000000001,62.19512195121952,early,August,Extreme,August.Extreme
T422,apical,T,136,2023-09-16,259,4.48,18.23,13.75,75.42512342292925,early,August,Extreme,August.Extreme
T422,lateral,T,136,2023-09-21,264,4.03,16.59,12.559999999999999,75.70825798673899,early,August,Extreme,August.Extreme
T423,apical,T,129,2023-09-20,263,5.6,17.95,12.35,68.80222841225627,early,August,Extreme,August.Extreme
T423,lateral,T,129,2023-09-19,262,4.88,16.97,12.09,71.24337065409546,early,August,Extreme,August.Extreme
T424,apical,T,136,2023-09-10,253,4.62,14.21,9.59,67.48768472906403,early,August,Extreme,August.Extreme
T424,lateral,T,136,2023-09-10,253,4.66,12.54,7.879999999999999,62.83891547049441,early,August,Extreme,August.Extreme
T425,apical,T,136,2023-09-14,257,4.12,13.69,9.57,69.90504017531045,early,August,Extreme,August.Extreme
T425,lateral,T,136,2023-09-29,272,3.32,11.96,8.64,72.24080267558529,early,August,Extreme,August.Extreme
T426,apical,T,138,2023-09-12,255,5.07,13.55,8.48,62.5830258302583,early,August,Extreme,August.Extreme
T426,lateral,T,138,2023-09-20,263,5.06,13.81,8.75,63.359884141926145,early,August,Extreme,August.Extreme
T427,apical,T,136,2023-09-21,264,11.32,19.28,7.960000000000001,41.286307053941904,early,August,Extreme,August.Extreme
T427,lateral,T,136,2023-09-26,269,6.32,15.9,9.58,60.25157232704402,early,August,Extreme,August.Extreme
T428,apical,T,131,2023-09-14,257,7.32,20.93,13.61,65.02627806975633,early,August,Extreme,August.Extreme
T428,lateral,T,131,2023-09-14,257,5.18,16.2,11.02,68.0246913580247,early,August,Extreme,August.Extreme
T429,apical,T,131,2023-09-20,263,4.72,14.76,10.04,68.02168021680217,early,August,Extreme,August.Extreme
T429,lateral,T,131,2023-09-28,271,3.43,10.97,7.540000000000001,68.73290793072015,early,August,Extreme,August.Extreme
T430,apical,T,130,2023-09-13,256,4.98,12.66,7.68,60.66350710900474,early,August,Extreme,August.Extreme
T430,lateral,T,130,2023-09-07,250,4.3,11.94,7.64,63.98659966499163,early,August,Extreme,August.Extreme
T431,apical,T,131,2023-09-19,262,6.23,18.63,12.399999999999999,66.55931293612453,early,August,Extreme,August.Extreme
T431,lateral,T,131,2023-09-19,262,5.63,15.64,10.010000000000002,64.00255754475704,early,August,Extreme,August.Extreme
T432,apical,T,121,2023-09-11,254,7.99,16.77,8.78,52.355396541443056,early,August,Extreme,August.Extreme
T432,lateral,T,121,2023-09-09,252,5.37,12.83,7.46,58.14497272018706,early,August,Extreme,August.Extreme
T433,apical,T,129,2023-09-21,264,5.24,16.62,11.38,68.47172081829122,early,August,Extreme,August.Extreme
T433,lateral,T,129,2023-09-17,260,4.72,14.92,10.2,68.36461126005362,early,August,Extreme,August.Extreme
T434,apical,T,136,2023-09-20,263,4.89,16.11,11.219999999999999,69.6461824953445,early,August,Extreme,August.Extreme
T434,lateral,T,136,2023-09-26,269,6.61,15.01,8.399999999999999,55.96269153897402,early,August,Extreme,August.Extreme
T435,apical,T,121,2023-08-27,239,7.83,16.69,8.860000000000001,53.085680047932904,early,August,Extreme,August.Extreme
T435,lateral,T,121,2023-08-29,241,6.89,15.08,8.190000000000001,54.310344827586206,early,August,Extreme,August.Extreme
T436,apical,T,136,2023-09-21,264,4.49,16.09,11.6,72.094468614046,early,August,Extreme,August.Extreme
T436,lateral,T,136,2023-09-29,272,4.45,17.09,12.64,73.96138092451726,early,August,Extreme,August.Extreme
T437,apical,T,131,2023-08-28,240,7.69,17.58,9.889999999999997,56.25711035267349,early,August,Extreme,August.Extreme
T437,lateral,T,131,2023-09-18,261,5.6,15.35,9.75,63.51791530944626,early,August,Extreme,August.Extreme
T438,apical,T,131,2023-09-24,267,3.92,12.71,8.790000000000001,69.15814319433518,early,August,Extreme,August.Extreme
T438,lateral,T,131,2023-09-25,268,3.38,12.03,8.649999999999999,71.90357439733998,early,August,Extreme,August.Extreme
T439,apical,T,131,2023-09-13,256,5.74,15.65,9.91,63.32268370607028,early,August,Extreme,August.Extreme
T439,lateral,T,131,2023-09-29,272,3.95,13.41,9.46,70.54436987322894,early,August,Extreme,August.Extreme
T440,apical,T,145,2023-09-10,253,5.59,16.49,10.899999999999999,66.10066707095208,early,August,Extreme,August.Extreme
T440,lateral,T,145,2023-09-14,257,4.32,13.35,9.03,67.64044943820224,early,August,Extreme,August.Extreme
U442,apical,U,148,2023-09-28,271,5,16.46,11.46,69.62332928311056,late,August,Extreme,August.Extreme
U442,lateral,U,148,2023-09-22,265,4.5,14.25,9.75,68.42105263157895,late,August,Extreme,August.Extreme
U443,apical,U,148,2023-09-17,260,4.88,14.87,9.989999999999998,67.182246133154,late,August,Extreme,August.Extreme
U443,lateral,U,148,2023-09-30,273,3.38,12.36,8.98,72.65372168284789,late,August,Extreme,August.Extreme
U444,apical,U,148,2023-09-17,260,5.02,15.63,10.610000000000001,67.88227767114523,late,August,Extreme,August.Extreme
U444,lateral,U,148,2023-09-13,256,4.53,13.06,8.530000000000001,65.31393568147014,late,August,Extreme,August.Extreme
U445,apical,U,150,2023-09-10,253,4.68,11.6,6.92,59.6551724137931,late,August,Extreme,August.Extreme
U445,lateral,U,150,2023-09-12,255,2.7,9.73,7.03,72.25077081192188,late,August,Extreme,August.Extreme
U446,apical,U,148,2023-09-12,255,5.65,15.91,10.26,64.487743557511,late,August,Extreme,August.Extreme
U446,lateral,U,148,2023-09-18,261,4.92,15.1,10.18,67.41721854304636,late,August,Extreme,August.Extreme
U447,apical,U,148,2023-09-14,257,6.95,17.07,10.120000000000001,59.28529584065612,late,August,Extreme,August.Extreme
U447,lateral,U,148,2023-09-14,257,5.62,16.79,11.169999999999998,66.5276950565813,late,August,Extreme,August.Extreme
U448,apical,U,148,2023-09-26,269,9.1,20.15,11.049999999999999,54.83870967741935,late,August,Extreme,August.Extreme
U448,lateral,U,148,2023-09-18,261,7.51,19.18,11.67,60.84462982273201,late,August,Extreme,August.Extreme
U449,apical,U,148,2023-09-17,260,2.36,9.68,7.32,75.6198347107438,late,August,Extreme,August.Extreme
U449,lateral,U,148,2023-09-28,271,5.12,14.91,9.79,65.66063044936284,late,August,Extreme,August.Extreme
U450,apical,U,148,2023-09-23,266,4.32,14.51,10.19,70.22742935906273,late,August,Extreme,August.Extreme
U450,lateral,U,148,2023-09-27,270,2.78,13.63,10.850000000000001,79.60381511371975,late,August,Extreme,August.Extreme
U451,apical,U,148,2023-09-09,252,6.83,12.57,5.74,45.664280031821804,late,August,Extreme,August.Extreme
U451,lateral,U,148,2023-09-27,270,5.99,13.77,7.779999999999999,56.499636891793756,late,August,Extreme,August.Extreme
U452,apical,U,148,2023-09-16,259,4.92,14.62,9.7,66.34746922024624,late,August,Extreme,August.Extreme
U452,lateral,U,148,2023-09-13,256,3.91,10.24,6.33,61.81640625,late,August,Extreme,August.Extreme
U453,apical,U,145,2023-09-15,258,4.72,15.36,10.64,69.27083333333333,late,August,Extreme,August.Extreme
U453,lateral,U,145,2023-09-20,263,7.17,20.86,13.69,65.62799616490891,late,August,Extreme,August.Extreme
U454,apical,U,148,2023-09-19,262,6.72,17.41,10.690000000000001,61.401493394600806,late,August,Extreme,August.Extreme
U454,lateral,U,148,2023-09-22,265,5.07,15.35,10.28,66.97068403908794,late,August,Extreme,August.Extreme
U455,apical,U,151,2023-09-15,258,5.8,18.38,12.579999999999998,68.44396082698584,late,August,Extreme,August.Extreme
U455,lateral,U,151,2023-09-19,262,4.43,11.26,6.83,60.657193605683844,late,August,Extreme,August.Extreme
U456,apical,U,150,2023-09-27,270,5.74,16.21,10.47,64.58975940777299,late,August,Extreme,August.Extreme
U456,lateral,U,150,2023-09-29,272,5.68,18.18,12.5,68.75687568756877,late,August,Extreme,August.Extreme
U457,apical,U,148,2023-09-14,257,5.7,15.09,9.39,62.22664015904573,late,August,Extreme,August.Extreme
U457,lateral,U,148,2023-09-14,257,4.66,12.48,7.82,62.66025641025641,late,August,Extreme,August.Extreme
U458,lateral,U,148,2023-09-18,261,4.75,14.65,9.9,67.57679180887372,late,August,Extreme,August.Extreme
U459,apical,U,148,2023-09-21,264,5.93,24.2,18.27,75.49586776859505,late,August,Extreme,August.Extreme
U459,lateral,U,148,2023-09-23,266,6.73,23.16,16.43,70.9412780656304,late,August,Extreme,August.Extreme
U460,apical,U,148,2023-09-25,268,1.78,12.61,10.83,85.8842188739096,late,August,Extreme,August.Extreme
U460,lateral,U,148,2023-09-17,260,5.43,16.88,11.45,67.83175355450237,late,August,Extreme,August.Extreme
U461,apical,U,148,2023-09-11,254,7.73,17.3,9.57,55.31791907514451,late,August,Extreme,August.Extreme
U461,lateral,U,148,2023-09-11,254,4.64,15.69,11.05,70.42702358189929,late,August,Extreme,August.Extreme
U462,apical,U,148,2023-09-13,256,5.76,16.33,10.569999999999999,64.72749540722596,late,August,Extreme,August.Extreme
U462,lateral,U,148,2023-09-20,263,4.92,15.38,10.46,68.01040312093627,late,August,Extreme,August.Extreme
U463,apical,U,148,2023-09-16,259,8.43,24.2,15.77,65.16528925619835,late,August,Extreme,August.Extreme
U463,lateral,U,148,2023-09-23,266,6.17,19.89,13.72,68.97938662644545,late,August,Extreme,August.Extreme
U464,apical,U,148,2023-09-22,265,7.03,15.53,8.5,54.73277527366387,late,August,Extreme,August.Extreme
U464,lateral,U,148,2023-09-05,248,5.21,14.36,9.149999999999999,63.718662952646234,late,August,Extreme,August.Extreme
U465,apical,U,148,2023-09-17,260,5.35,19.15,13.799999999999999,72.0626631853786,late,August,Extreme,August.Extreme
U465,lateral,U,148,2023-09-21,264,5.54,16.8,11.260000000000002,67.02380952380953,late,August,Extreme,August.Extreme
U466,apical,U,143,2023-09-23,266,2.22,10.34,8.12,78.52998065764024,late,August,Extreme,August.Extreme
U466,lateral,U,143,2023-09-19,262,2.76,14.34,11.58,80.75313807531381,late,August,Extreme,August.Extreme
U467,apical,U,148,2023-09-25,268,5.75,17.15,11.399999999999999,66.47230320699708,late,August,Extreme,August.Extreme
U467,lateral,U,148,2023-10-05,278,5.1,17.09,11.99,70.15798712697485,late,August,Extreme,August.Extreme
U468,apical,U,148,2023-09-23,266,5.56,16.46,10.900000000000002,66.22114216281896,late,August,Extreme,August.Extreme
U468,lateral,U,148,2023-09-24,267,4.96,14.53,9.57,65.86373021335167,late,August,Extreme,August.Extreme
